R(Angstrom);0;10;20;30;40;50;60;70;80;90;100;110;120;130;140;150;160;170;180
2.0000;94779.0587;92465.5773;85298.5378;74017.1697;61326.4599;50090.9749;41573.6061;35571.3258;31580.1461;29746.5935;30718.5759;35045.8149;44107.2779;62539.4187;101482.9312;181764.0683;324077.0130;498818.3332;585453.2287
2.0500;94280.7966;91104.1797;82079.4795;69222.9029;55794.1014;44459.5201;36132.2394;30421.6477;26737.7747;25085.1684;25934.2621;29736.6184;37689.6585;53786.9181;87609.9700;156983.9518;279360.1251;428984.4116;502980.2405
2.1000;89836.7834;86284.9103;76542.7171;63292.6992;49986.8851;39067.0907;31204.3758;25913.9751;22576.7075;21106.9475;21847.8929;25179.4335;32145.4294;46183.7977;75525.9044;135409.9302;240530.6635;368513.0898;431647.2452
2.1500;83125.9044;79513.6395;69785.2348;56889.4272;44238.7646;34040.2222;26797.1476;21991.7116;19012.2922;17719.3547;18364.9045;21275.5397;27364.3912;39589.6547;65014.9344;116651.2561;206853.7910;316209.2312;370019.3961
2.2000;75293.3615;71815.3485;62547.8275;50452.1705;38760.4805;29446.0933;22895.5994;18596.6491;15967.8824;14840.8741;15402.1937;17937.7943;23248.8007;33879.5598;55884.9878;100361.0998;177680.1384;271020.8402;316835.6567
2.2500;67102.0379;63870.5144;55316.2724;44260.3066;33675.7138;25311.0732;19470.9807;15671.5885;13374.7429;12400.0599;12887.0121;15089.5488;19712.2332;28942.6477;47965.5034;86232.2333;152436.9075;232023.4999;270989.5981
2.3000;59043.3858;56115.0977;48395.6218;38480.6191;29047.6312;21634.2381;16486.6496;13162.0299;11171.7235;10334.5492;10755.9008;12663.6054;16678.4916;24680.7778;41105.3468;73993.0243;130619.7128;198406.2146;231511.9817
2.3500;51418.2971;48813.5052;41964.4894;33201.7423;24898.2422;18397.1281;13902.2053;11017.1906;9304.7908;8590.1092;8953.6819;10601.2293;14080.5754;21007.2748;35170.8685;63403.7433;111785.1351;169458.5898;197555.0303
2.4000;44395.7674;42111.5455;36114.4843;28459.1745;21222.3961;15570.7072;11676.3148;9190.5439;7726.4773;7119.7343;7432.5201;8851.2262;11859.7179;17845.7563;30044.1069;54253.1758;95543.9595;144559.2675;168378.2763
2.4500;38055.1840;36074.6125;30878.6562;24253.2979;17997.8026;13120.2544;9768.5858;7640.0230;6395.2960;5882.8083;6151.0594;7369.0902;9964.4957;15129.0489;25621.1351;46355.5331;81555.0569;123165.5317;143335.8723
2.5000;32416.5759;30715.0028;26251.8395;20562.2309;15192.1136;11008.7335;8140.7503;6327.9978;5275.1491;4844.3340;5073.6366;6116.2245;8350.0099;12798.1937;21810.5496;39547.6442;69519.8696;104803.9967;121865.2484
2.5500;27462.0510;26011.2716;22205.0512;17350.8827;12767.8475;9199.0529;6757.3543;5221.1025;4334.7537;3974.2340;4169.5708;5059.2340;6977.1412;10801.5376;18532.0938;33686.4154;59177.4565;89062.2884;103477.0025
2.6000;23150.8114;21921.7837;18695.5462;14577.2311;10685.7393;7655.5246;5586.1027;4289.9704;3547.0964;3246.7218;3412.5269;4169.2870;5811.8740;9093.9090;15715.4099;28646.5397;50300.0557;75581.6334;87745.9114
2.6500;19429.5147;18394.0539;15673.7198;12196.5853;8906.9519;6344.7494;4597.9656;3508.9174;2888.9270;2639.7394;2779.9480;3421.5434;4824.6867;7635.8718;13298.9128;24318.4374;42689.1202;64050.2735;74302.9591
2.7000;16239.2840;15371.0555;13087.7387;10164.3967;7394.4729;5236.0991;3767.1253;2855.6038;2340.2935;2134.4583;2252.5520;2794.6441;3990.0054;6393.0538;11228.7750;20606.4105;36171.7855;54197.6265;62828.2815
2.7500;13520.3247;12795.3627;10886.5481;8438.0354;6113.9343;4301.9203;3070.8230;2310.6910;1884.1215;1714.8390;1813.8883;2270.2587;3285.7154;5335.5446;9458.0172;17426.9927;30597.7301;45789.1195;53044.9362
2.8000;11214.8477;10611.7605;9021.7315;6977.8378;5034.0313;3517.5511;2489.1441;1857.5106;1505.8361;1367.2440;1449.9477;1832.6846;2692.7259;4437.3567;7945.6942;14707.4785;25836.3901;38621.6278;44713.4109
2.8500;9268.8100;8768.7838;7448.5709;5747.6494;4126.6684;2861.2160;2004.7730;1481.7499;1193.0258;1080.0995;1148.8215;1468.4944;2194.5842;3675.9448;6656.1680;12384.6144;21774.4937;32519.4535;37626.7912
2.9000;7632.8409;7219.5214;6126.5588;4715.0266;3366.9251;2313.8467;1602.7365;1171.1618;935.1451;843.6002;900.4040;1166.2260;1777.1345;3031.7792;5558.4617;10403.4371;18313.8829;27330.7889;31606.5172
2.9500;6262.6203;5921.9244;5019.5443;3851.2115;2732.9073;1858.8619;1270.1486;915.2999;723.2527;649.4535;696.1342;916.1120;1428.2167;2487.9671;4625.6846;8716.2442;15369.5923;22924.6091;26498.6614
3.0000;5118.8977;4838.7925;4095.6421;3130.9661;2205.5329;1481.9294;995.9675;705.2795;549.7836;490.6577;528.7713;709.8426;1137.4014;2029.9171;3834.5241;7281.6838;12868.1573;19187.9479;22170.6710
3.0500;4167.2866;3937.5577;3326.9964;2532.3232;1768.2812;1170.7252;770.7679;533.5650;408.3489;361.3108;392.2015;540.3601;895.7580;1645.0441;3164.7948;6063.9515;10746.1275;16023.5111;18508.5186
3.1000;3377.9265;3189.9511;2689.4633;2036.2939;1406.9322;914.7013;586.5321;393.7812;293.5639;256.4458;281.2707;401.6800;695.6510;1322.5084;2599.0416;5032.0815;8948.7610;13347.5911;15414.2151
3.1500;2725.0770;2571.6108;2162.2548;1626.5607;1109.3073;704.8662;436.4620;280.5477;200.8985;171.8892;191.6412;288.7364;530.5625;1052.9872;2122.1894;4159.3244;7428.8811;11088.2449;12803.6414
3.2000;2186.6867;2061.6690;1727.5739;1289.1734;865.0221;533.5836;314.8105;189.3344;126.5483;104.1400;119.6679;197.2477;394.9374;828.4732;1721.2351;3422.5998;6145.8744;9183.7057;10604.6601
3.2500;1743.9653;1642.3440;1370.2595;1012.2587;665.2576;394.3903;216.7327;116.3352;67.3247;50.2661;62.2931;123.6016;284.0483;642.0992;1384.9772;2802.0158;5064.8167;7580.9994;8755.4732
3.3000;1380.9750;1298.5526;1077.4510;785.7513;502.5502;281.8326;138.1547;58.3599;20.5593;7.8157;16.9558;64.7553;193.8792;487.9839;1103.7784;2280.4489;4155.7081;6234.7407;7203.1955
3.3500;1084.2527;1017.5520;838.2818;601.1491;370.6044;191.3218;75.6597;12.7396;-15.9759;-25.2576;-18.4849;18.1507;121.0235;361.0980;869.3582;1843.1761;3392.8080;5106.0883;5902.6176
3.4000;842.4670;788.6150;643.6010;451.2934;264.1256;119.0081;26.3892;-22.7531;-44.1385;-50.6590;-45.8160;-18.3595;62.5969;257.1470;674.6108;1477.5532;2754.0546;4161.8365;4815.1325
3.4500;646.1112;602.7401;485.7267;330.1745;178.6732;61.6693;-12.0428;-49.9734;-65.4739;-69.8069;-66.5258;-46.5740;16.1611;172.4694;513.4472;1172.7349;2220.5609;3373.6293;3907.8078
3.5000;487.2336;452.3961;358.2288;232.7613;110.5328;16.6154;-41.6235;-70.4632;-81.2650;-83.8786;-81.8519;-67.9968;-20.3413;103.9485;380.6563;919.4302;1776.1767;2717.2791;3152.5825
3.5500;359.2008;331.2987;255.7387;154.8526;56.6052;-18.3936;-64.0034;-85.5011;-92.5751;-93.8497;-92.8212;-83.8830;-48.6430;48.9355;271.7850;709.6897;1407.1080;2172.1772;2525.5735
3.6000;256.4931;234.2176;173.7855;92.9487;14.3105;-45.2188;-80.5506;-96.1447;-100.2831;-100.5267;-100.2839;-95.2773;-70.2006;5.1828;183.0334;536.7206;1101.5880;1720.7853;2006.4769
3.6500;174.5286;156.8093;108.6544;44.1409;-18.4936;-65.4030;-92.3963;-103.2671;-105.1138;-104.5747;-104.9420;-103.0478;-86.2358;-29.2130;111.1636;394.7267;849.5913;1348.1958;1578.0526
3.7000;109.5117;95.4752;57.2658;6.0176;-43.5823;-80.2216;-100.4733;-107.5867;-107.6636;-106.5408;-107.3743;-107.9138;-97.7712;-55.8609;53.4213;278.7684;642.5876;1041.7526;1225.6797
3.7500;58.3057;47.2401;17.0720;-23.4170;-62.4230;-90.7266;-105.5490;-109.6934;-108.4217;-106.8742;-108.0559;-110.4697;-105.6607;-76.1188;7.4672;184.6427;473.3280;790.7257;936.9744
3.8000;18.3229;9.6493;-14.0302;-45.8104;-76.2259;-97.7838;-108.2529;-110.0699;-107.7880;-105.9419;-107.3762;-111.2054;-110.6157;-91.1299;-28.6823;108.7783;335.6616;586.0294;701.4615
3.8500;-12.5664;-19.3183;-37.7732;-62.5199;-85.9868;-102.1034;-109.0997;-109.1101;-106.0888;-104.0434;-105.6531;-110.5232;-113.2270;-101.8547;-56.7058;48.1459;224.3761;419.9815;510.2925
3.9000;-36.1120;-41.3237;-55.5814;-74.6610;-92.5230;-104.2666;-108.5089;-107.1340;-103.5888;-101.4217;-103.1450;-108.7524;-113.9839;-109.0984;-78.0213;0.1798;135.0619;286.0957;356.0037
3.9500;-53.7483;-57.7286;-68.6231;-83.1487;-96.5035;-104.7476;-106.8214;-104.4007;-100.5020;-98.2733;-100.0613;-106.1616;-113.2904;-113.5341;-93.8242;-37.2891;63.9940;178.9040;232.3090
4.0000;-66.6491;-69.6476;-77.8546;-88.7316;-98.4746;-103.9320;-104.3130;-101.1189;-97.0006;-94.7563;-96.5704;-102.9687;-111.4788;-115.7229;-105.1201;-66.0912;8.0313;93.8042;133.9224
4.0500;-75.7724;-77.9906;-84.0569;-92.0206;-98.8810;-102.1319;-101.2056;-97.4561;-93.2224;-90.9971;-92.8075;-99.3495;-108.8214;-116.1316;-112.7526;-87.7680;-35.4705;26.9292;56.4066
4.1000;-81.8988;-83.4992;-87.8666;-93.5127;-98.0833;-99.5996;-97.6772;-93.5453;-89.2766;-87.0960;-88.8801;-95.4453;-105.5401;-115.1464;-117.4282;-103.6151;-68.7328;-24.9641;-3.9568
4.1500;-85.6627;-86.7758;-89.8005;-93.6116;-96.3734;-96.5373;-93.8695;-89.4922;-85.2494;-83.1320;-84.8728;-91.3685;-101.8150;-113.0867;-119.7365;-114.7189;-93.6184;-64.5908;-50.2778
4.2000;-87.5783;-88.3091;-90.2778;-92.6436;-93.9860;-93.1068;-89.8946;-85.3791;-81.2081;-79.1667;-80.8519;-87.2082;-97.7913;-110.2144;-120.1680;-121.9879;-111.6856;-94.2186;-85.1522
4.2500;-88.0614;-88.4938;-89.6370;-90.8716;-91.1094;-89.4364;-85.8402;-81.2700;-77.2044;-75.2475;-76.8684;-83.0337;-93.5852;-106.7444;-119.1298;-126.1801;-124.2352;-115.7377;-110.7419
4.3000;-87.4471;-87.6484;-88.1507;-88.5070;-87.8938;-85.6275;-81.7746;-77.2141;-73.2775;-71.4101;-72.9613;-78.8989;-89.2891;-102.8511;-116.9582;-127.9260;-132.3498;-130.7199;-128.8430
4.3500;-86.0044;-86.0282;-86.0375;-85.7184;-84.4581;-81.7589;-77.7500;-73.2478;-69.4566;-67.6810;-69.1593;-74.8445;-84.9754;-98.6758;-113.9299;-127.7483;-136.9285;-140.4684;-140.9440
4.4000;-83.9489;-83.8379;-83.4720;-82.6400;-80.8960;-77.8919;-73.8057;-69.3983;-65.7626;-64.0792;-65.4831;-70.9008;-80.7004;-94.3319;-110.2715;-126.0787;-138.7150;-146.0609;-148.2749
4.4500;-81.4521;-81.2402;-80.5930;-79.3776;-77.2805;-74.0731;-69.9707;-65.6846;-62.2100;-60.6177;-61.9473;-67.0896;-76.5071;-89.9096;-106.1677;-123.2723;-138.3229;-148.3856;-151.8489
4.5000;-78.6502;-78.3640;-77.5098;-76.0144;-73.6679;-70.3373;-66.2658;-62.1195;-58.8079;-57.3046;-58.5609;-63.4262;-72.4276;-85.4801;-101.7678;-119.6201;-136.2561;-148.1721;-152.4978
4.6000;-72.5362;-72.1605;-71.0561;-69.2284;-66.6120;-63.2091;-59.2968;-55.4627;-52.4732;-51.1384;-52.2544;-56.5767;-64.6958;-76.8070;-92.5357;-110.6812;-128.6712;-142.4065;-147.6140
4.7000;-66.2112;-65.7982;-64.5904;-62.6352;-59.9540;-56.6306;-52.9554;-49.4493;-46.7658;-45.5846;-46.5714;-50.3837;-57.6143;-68.6123;-83.2665;-100.6605;-118.4122;-132.3170;-137.6716
4.8000;-60.0317;-59.6127;-58.3895;-56.4305;-53.8064;-50.6482;-47.2457;-44.0630;-41.6621;-40.6183;-41.4889;-44.8361;-51.2183;-61.0539;-74.3788;-90.4484;-107.0665;-120.2106;-125.2991
4.9000;-54.1954;-53.7885;-52.6007;-50.7092;-48.2110;-45.2615;-42.1417;-39.2659;-37.1216;-36.1995;-36.9668;-39.8981;-45.4974;-54.1975;-66.1072;-80.5871;-95.6268;-107.5412;-112.1551
5.0000;-48.8001;-48.4148;-47.2901;-45.5045;-43.1673;-40.4438;-37.6009;-35.0097;-33.0958;-32.2806;-32.9571;-35.5217;-40.4148;-48.0505;-58.5638;-71.3833;-84.6837;-95.1862;-99.2429
5.1000;-43.8815;-43.5225;-42.4740;-40.8123;-38.6501;-36.1538;-33.5736;-31.2423;-29.5337;-28.8122;-29.4093;-31.6534;-35.9201;-42.5850;-51.7823;-62.9885;-74.5597;-83.6389;-87.1306
5.2000;-39.4388;-39.1075;-38.1396;-36.6072;-34.6216;-32.3444;-30.0082;-27.9120;-26.3856;-25.7459;-26.2738;-28.2396;-31.9568;-37.7537;-45.7478;-55.4538;-65.4025;-73.1430;-76.1032
5.3000;-35.4501;-35.1462;-34.2583;-32.8534;-31.0383;-28.9671;-26.8546;-24.9695;-23.6043;-23.0360;-23.5038;-25.2290;-28.4682;-33.4994;-40.4169;-48.7681;-57.2498;-63.7835;-66.2662
5.4000;-31.8827;-31.6051;-30.7935;-29.5101;-27.8556;-25.9750;-24.0656;-22.3694;-21.1467;-20.6409;-21.0563;-22.5738;-25.3997;-29.7627;-35.7312;-42.8842;-50.0724;-55.5490;-57.6154
5.5000;-28.6995;-28.4464;-27.7063;-26.5363;-25.0305;-23.3243;-21.5982;-20.0707;-18.9739;-18.5227;-18.8926;-20.2309;-22.7006;-26.4847;-31.6267;-37.7356;-43.8039;-48.3732;-50.0844
5.6000;-25.8625;-25.6319;-24.9576;-23.8921;-22.5227;-20.9749;-19.4138;-18.0367;-17.0512;-16.6478;-16.9781;-18.1617;-20.3251;-23.6105;-28.0384;-33.2478;-38.3592;-42.1613;-43.5743
5.7000;-23.3350;-23.1250;-22.5108;-21.5407;-20.2955;-18.8909;-17.4779;-16.2348;-15.3479;-14.9864;-15.2821;-16.3321;-18.2323;-21.0896;-24.9046;-29.3453;-33.6474;-36.8078;-37.9731
5.8000;-21.0828;-20.8914;-20.3319;-19.4485;-18.3158;-17.0404;-15.7602;-14.6365;-13.8369;-13.5123;-13.7777;-14.7120;-16.3861;-18.8768;-22.1679;-25.9560;-29.5784;-32.2065;-33.1679
5.9000;-19.0746;-18.9001;-18.3902;-17.5853;-16.5543;-15.3951;-14.2339;-13.2167;-12.4947;-12.2026;-12.4414;-13.2752;-14.7549;-16.9318;-19.7768;-23.0130;-26.0677;-28.2569;-29.0516
6.0000;-17.2824;-17.1232;-16.6580;-15.9241;-14.9848;-13.9304;-12.8757;-11.9537;-11.3005;-11.0372;-11.2526;-11.9990;-13.3109;-15.2195;-17.6851;-20.4563;-23.0385;-24.8671;-25.5261
6.1000;-15.6812;-15.5358;-15.1110;-14.4412;-13.5847;-12.6243;-11.6653;-10.8283;-10.2365;-9.9987;-10.1933;-10.8633;-12.0305;-13.7093;-15.8525;-18.2324;-20.4224;-21.9557;-22.5044
6.2000;-14.2488;-14.1158;-13.7275;-13.1155;-12.3337;-11.4581;-10.5849;-9.8240;-9.2869;-9.0717;-9.2480;-9.8510;-10.8928;-12.3747;-14.2439;-16.2948;-18.1594;-19.4510;-19.9103
6.3000;-12.9656;-12.8439;-12.4886;-11.9289;-11.2143;-10.4150;-9.6189;-8.9262;-8.4380;-8.2429;-8.4030;-8.9471;-9.8799;-11.1925;-12.8288;-14.6030;-16.1977;-17.2917;-17.6784
6.4000;-11.8145;-11.7031;-11.3775;-10.8650;-10.2112;-9.4807;-8.7539;-8.1224;-7.6780;-7.5008;-7.6464;-8.1386;-8.9763;-10.1432;-11.5810;-13.1223;-14.4929;-15.4249;-15.7527
6.5000;-10.7805;-10.6782;-10.3796;-9.9098;-9.3109;-8.6424;-7.9781;-7.4015;-6.9964;-6.8353;-6.9679;-7.4142;-8.1687;-9.2097;-10.4781;-11.8229;-13.0071;-13.8061;-14.0859
6.6000;-9.8501;-9.7562;-9.4820;-9.0508;-8.5017;-7.8891;-7.2812;-6.7541;-6.3843;-6.2375;-6.3585;-6.7640;-7.4455;-8.3774;-9.5006;-10.6794;-11.7081;-12.3975;-12.6380
6.7000;-9.0119;-8.9255;-8.6735;-8.2773;-7.7731;-7.2113;-6.6542;-6.1717;-5.8336;-5.6997;-5.8104;-6.1795;-6.7966;-7.6335;-8.6323;-9.6701;-10.5686;-11.1674;-11.3758
6.8000;-8.2556;-8.1761;-7.9442;-7.5797;-7.1163;-6.6003;-6.0892;-5.6470;-5.3375;-5.2152;-5.3165;-5.6531;-6.2134;-6.9674;-7.8588;-8.7768;-9.5659;-10.0893;-10.2711
6.9000;-7.5722;-7.4989;-7.2853;-6.9497;-6.5232;-6.0488;-5.5793;-5.1735;-4.8898;-4.7780;-4.8708;-5.1785;-5.6882;-6.3695;-7.1680;-7.9836;-8.6804;-9.1409;-9.3005
7.0000;-6.9538;-6.8862;-6.6892;-6.3799;-5.9870;-5.5503;-5.1185;-4.7457;-4.4854;-4.3829;-4.4681;-4.7497;-5.2145;-5.8319;-6.5497;-7.2775;-7.8959;-8.3034;-8.4445
7.2000;-5.8852;-5.8275;-5.6594;-5.3957;-5.0612;-4.6900;-4.3236;-4.0078;-3.7877;-3.7014;-3.7735;-4.0105;-4.3991;-4.9101;-5.4960;-6.0825;-6.5766;-6.9011;-7.0134
7.4000;-5.0032;-4.9538;-4.8098;-4.5841;-4.2982;-3.9813;-3.6690;-3.4003;-3.2134;-3.1404;-3.2017;-3.4022;-3.7294;-4.1562;-4.6402;-5.1197;-5.5214;-5.7848;-5.8761
7.6000;-4.2716;-4.2291;-4.1053;-3.9114;-3.6660;-3.3944;-3.1271;-2.8976;-2.7382;-2.6761;-2.7284;-2.8989;-3.1762;-3.5354;-3.9394;-4.3364;-4.6677;-4.8850;-4.9604
7.8000;-3.6618;-3.6251;-3.5182;-3.3511;-3.1397;-2.9060;-2.6764;-2.4794;-2.3429;-2.2899;-2.3348;-2.4804;-2.7166;-3.0211;-3.3612;-3.6935;-3.9702;-4.1517;-4.2148
8.0000;-3.1511;-3.1193;-3.0268;-2.8822;-2.6994;-2.4976;-2.2996;-2.1300;-2.0126;-1.9672;-2.0058;-2.1308;-2.3329;-2.5926;-2.8811;-3.1618;-3.3951;-3.5483;-3.6016
8.5000;-2.1989;-2.1764;-2.1109;-2.0087;-1.8798;-1.7379;-1.5990;-1.4805;-1.3988;-1.3673;-1.3943;-1.4810;-1.6205;-1.7987;-1.9951;-2.1849;-2.3423;-2.4460;-2.4821
9.0000;-1.5659;-1.5497;-1.5025;-1.4289;-1.3363;-1.2345;-1.1352;-1.0507;-0.9926;-0.9703;-0.9896;-1.0510;-1.1496;-1.2750;-1.4126;-1.5451;-1.6550;-1.7274;-1.7527
9.5000;-1.1356;-1.1237;-1.0891;-1.0352;-0.9675;-0.8933;-0.8210;-0.7596;-0.7175;-0.7015;-0.7155;-0.7598;-0.8308;-0.9209;-1.0195;-1.1143;-1.1929;-1.2447;-1.2628
10.0000;-0.8371;-0.8282;-0.8025;-0.7624;-0.7122;-0.6571;-0.6037;-0.5584;-0.5274;-0.5157;-0.5260;-0.5585;-0.6105;-0.6764;-0.7484;-0.8175;-0.8748;-0.9125;-0.9257
12.0000;-0.2828;-0.2797;-0.2708;-0.2569;-0.2395;-0.2206;-0.2024;-0.1870;-0.1766;-0.1727;-0.1762;-0.1870;-0.2043;-0.2260;-0.2496;-0.2722;-0.2909;-0.3032;-0.3075
14.0000;-0.1129;-0.1116;-0.1079;-0.1023;-0.0953;-0.0876;-0.0803;-0.0742;-0.0700;-0.0685;-0.0699;-0.0742;-0.0810;-0.0895;-0.0987;-0.1075;-0.1148;-0.1196;-0.1213
16.0000;-0.0509;-0.0503;-0.0486;-0.0461;-0.0429;-0.0394;-0.0361;-0.0333;-0.0314;-0.0307;-0.0314;-0.0333;-0.0363;-0.0401;-0.0442;-0.0481;-0.0513;-0.0534;-0.0542
18.0000;-0.0252;-0.0249;-0.0241;-0.0228;-0.0212;-0.0194;-0.0178;-0.0164;-0.0155;-0.0152;-0.0155;-0.0164;-0.0179;-0.0198;-0.0218;-0.0237;-0.0252;-0.0263;-0.0266
20.0000;-0.0134;-0.0133;-0.0128;-0.0121;-0.0113;-0.0103;-0.0095;-0.0087;-0.0082;-0.0081;-0.0082;-0.0087;-0.0095;-0.0105;-0.0116;-0.0126;-0.0134;-0.0139;-0.0141
22.0000;-0.0076;-0.0075;-0.0073;-0.0069;-0.0064;-0.0058;-0.0053;-0.0049;-0.0046;-0.0045;-0.0046;-0.0049;-0.0054;-0.0059;-0.0065;-0.0071;-0.0075;-0.0078;-0.0080
