R(Angstrom),theta;0;10;20;30;40;50;60;70;80;90;100;110;120;130;140;150;160;170;180
2;126501.49;111087.16;94843.48;77357.78;61489.51;48731.71;39404.28;33097.06;29185.37;27219.65;27243.13;30086.91;37717.35;53748.66;83979.2;140120.79;278556.28;723505.42;1290000
2.05;124049.66;101148.01;85357.58;68914.03;54193.89;42464.81;33960.77;28274.11;24816.63;23151.09;23281.69;25931.86;32875.21;47429.68;74938.18;125447.19;243217.09;588646.81;985000
2.1;122722.75;90723.09;76157.75;60988.09;47502.7;36835.4;29163.93;24087.13;21053.13;19645.75;19844.93;22282.57;28554.62;41687.55;66567.63;111803.3;211619.31;478778.43;759000
2.15;87114.99;80313.93;67367.78;53623.56;41419.14;31816.2;24960.03;20465.8;17819.71;16633.21;16872.64;19090.33;24717.85;36499.34;58872.08;99209.06;183616.37;389986.31;590000
2.2;75691.59;70356.49;59117.5;46858.29;35936.9;27371.56;21293.98;17343.83;15048.42;14050.14;14309.08;16307.93;21325.95;31837.16;51846.15;87666.22;158969.52;318524.38;462000
2.25;65428.87;61143.74;51512.34;40715.22;31037.81;23460.19;18110.41;14659.96;12678.33;11840.01;12103.58;13890.7;18339.91;27670.12;45474.75;77158.11;137388.6;261079;365000
2.3;56311.46;52813.6;44613.89;35196.88;26693.53;20037.24;15356.49;12358.57;10655.3;9952.64;10210.57;11797.09;15721.46;23964.32;39732.65;67652.72;118562.07;214852.46;291000
2.35;48282.53;45397.1;38439.95;30287.08;22867.77;17056.52;12982.51;10389.77;8931.58;8343.87;8589.34;9988.93;13433.81;20684.12;34587.91;59104.55;102180.14;177549.46;233000
2.4;41261.35;38864.94;32973.55;25954.73;19519.07;14472.28;10942.56;8709.3;7465.44;6975.01;7203.86;8431.52;11442.09;17793.31;30003.01;51459.04;87949.69;147322.4;189000
2.45;35156.15;33157.08;28174.98;22158.74;16603.48;12240.56;9194.86;7278.12;6220.53;5812.33;6022.34;7093.61;9713.73;15256;25937.05;44654.89;75602.7;122703.08;154000
2.5;29872.24;28200.02;23991.32;18852.47;14076.72;10320.14;7701.78;6062;5165.42;4826.59;5016.9;5947.21;8218.62;13037.4;22347.54;38627.19;64898.73;102536.78;126000
2.55;25317.14;23915.99;20364.22;15987.28;11895.89;8673;6429.66;5031.03;4272.95;3992.48;4163.17;4967.41;6929.16;11104.34;19191.85;33309.8;55626.34;85920.73;104000
2.6;21403.68;20228.56;17234.17;13515.03;10020.52;7264.59;5348.64;4159.07;3519.66;3288.13;3439.86;4132.1;5820.32;9425.74;16428.26;28637.32;47600.41;72151.5;86300
2.65;18051.51;17065.54;14543.6;11389.83;8413.23;6063.75;4432.32;3423.38;2885.32;2694.67;2828.46;3421.78;4869.5;7972.76;14016.85;24546.46;40659.72;60680.26;71800
2.7;15187.77;14360.51;12238.6;9569.05;7040;5042.71;3657.5;2804.17;2352.45;2195.83;2312.9;2819.31;4056.49;6718.95;11919.95;20977.05;34664.02;51078.92;59800
2.75;12747.23;12053.41;10269.81;8013.81;5870.19;4176.83;3003.91;2284.25;1905.97;1777.6;1879.25;2309.63;3363.26;5640.28;10102.52;17872.7;29491.2;43011.23;50000
2.8;10672.01;10090.58;8592.77;6689.15;4876.47;3444.4;2453.88;1848.79;1532.88;1427.87;1515.45;1879.65;2773.82;4715.03;8532.28;15181.18;25034.73;36211.21;41800
2.85;8911.17;8424.52;7167.82;5563.89;4034.61;2826.41;1992.13;1484.98;1221.96;1136.27;1211.12;1517.93;2274.09;3923.72;7179.78;12854.53;21201.57;30466.62;35000
2.9;7420.14;7013.44;5959.93;4610.49;3323.28;2306.29;1605.46;1181.86;963.62;893.85;957.31;1214.56;1851.67;3248.98;6018.33;10849.11;17910.29;25606.28;29300
2.95;6160.15;5820.83;4938.37;3804.73;2723.8;1869.66;1282.55;930.04;749.65;692.99;746.35;960.96;1495.7;2675.38;5023.88;9125.46;15089.56;21490.63;24500
3;5097.57;4814.91;4076.28;3125.46;2219.9;1504.12;1013.69;721.53;573.03;527.17;571.65;749.74;1196.73;2189.26;4174.95;7648.12;12676.89;18004.69;20500
3.05;4203.3;3968.13;3350.33;2554.27;1797.48;1198.99;790.6;549.51;427.83;390.83;427.58;574.5;946.5;1778.6;3452.39;6385.41;10617.54;15052.8;17100
3.1;3452.28;3256.71;2740.32;2075.21;1444.36;945.1;606.18;408.19;308.99;279.26;309.34;429.74;737.87;1432.83;2839.23;5309.17;8863.59;12554.76;14200
3.15;2822.92;2660.19;2228.87;1674.52;1150.06;734.61;454.4;292.66;212.23;188.46;212.81;310.77;564.62;1142.73;2320.52;4394.43;7373.12;10442.89;11800
3.2;2296.61;2160.99;1801.05;1340.38;905.57;560.81;330.08;198.72;133.94;115.03;134.52;213.54;421.43;900.24;1883.11;3619.19;6109.54;8659.75;9810
3.25;1857.41;1744.1;1444.12;1062.63;703.19;417.95;228.85;122.84;71.05;56.11;71.47;134.58;303.68;698.36;1515.48;2964.12;5040.95;7156.52;8110
3.3;1491.63;1396.7;1147.22;832.56;536.33;301.13;146.94;62;20.97;9.27;21.16;70.96;207.41;531.02;1207.6;2412.28;4139.55;5891.49;6670
3.35;1187.62;1107.94;901.1;642.72;399.34;206.16;81.18;13.65;-18.49;-27.55;-18.56;20.16;129.23;392.99;950.71;1948.89;3381.26;4829.06;5470
3.4;935.5;868.6;697.88;486.73;287.42;129.48;28.85;-24.33;-49.15;-56.07;-49.5;-19.97;66.23;279.75;737.23;1561.09;2745.14;3938.75;4470
3.45;726.98;670.94;530.83;359.14;196.49;68.04;-12.33;-53.76;-72.58;-77.75;-73.18;-51.24;15.94;187.41;560.61;1237.7;2213.09;3194.49;3630
3.5;555.08;508.38;394.19;255.3;123.05;19.27;-44.31;-76.15;-90.07;-93.83;-90.91;-75.19;-23.76;112.65;415.19;969.06;1769.5;2573.96;2930
3.55;413.95;375.36;283.06;171.25;64.18;-19.02;-68.73;-92.78;-102.71;-105.34;-103.75;-93.11;-54.66;52.62;296.11;746.84;1400.9;2058.07;2350
3.6;298.7;267.17;193.2;103.63;17.38;-48.68;-86.95;-104.7;-111.41;-113.12;-112.63;-106.1;-78.28;4.89;199.2;563.83;1095.76;1630.53;1870
3.65;205.17;179.77;121.03;49.62;-19.44;-71.25;-100.14;-112.79;-116.92;-117.92;-118.29;-115.07;-95.9;-32.6;120.89;413.89;844.16;1277.42;1470
3.7;129.84;109.7;63.5;6.85;-48.02;-88.04;-109.26;-117.81;-119.88;-120.31;-121.37;-120.79;-108.61;-61.61;58.14;291.73;637.63;986.88;1140
3.75;69.72;54.02;18;-26.67;-69.84;-100.11;-115.1;-120.35;-120.81;-120.81;-122.41;-123.9;-117.33;-83.62;8.36;192.83;468.94;748.84;872
3.8;22.21;10.19;-17.61;-52.58;-86.12;-108.37;-118.33;-120.94;-120.14;-119.82;-121.83;-124.93;-122.82;-99.87;-30.64;113.37;331.93;554.72;653
3.85;-14.9;-23.91;-45.13;-72.24;-97.86;-113.57;-119.5;-120;-118.23;-117.69;-120;-124.32;-125.71;-111.44;-60.74;50.07;221.36;397.28;475
3.9;-43.5;-50.19;-66.05;-86.79;-105.93;-116.32;-119.05;-117.88;-115.39;-114.69;-117.21;-122.45;-126.54;-119.19;-83.51;0.18;132.8;270.38;331
3.95;-65.16;-69.92;-81.59;-97.17;-111.01;-117.11;-117.34;-114.88;-111.86;-111.05;-113.72;-119.61;-125.76;-123.88;-100.26;-38.63;62.49;168.81;216
4;-81.2;-84.43;-92.74;-104.17;-113.69;-116.38;-114.67;-111.22;-107.83;-106.95;-109.71;-116.05;-123.72;-126.11;-112.13;-68.32;7.24;88.21;125
4.05;-92.69;-94.72;-100.36;-108.43;-114.45;-114.47;-111.3;-107.1;-103.47;-102.56;-105.35;-111.96;-120.73;-126.4;-120.04;-90.55;-35.61;24.88;52.3
4.1;-100.51;-101.61;-105.13;-110.49;-113.7;-111.65;-107.41;-102.68;-98.9;-97.97;-100.77;-107.52;-117.03;-125.18;-124.78;-106.7;-68.3;-24.27;-4.04
4.15;-105.38;-105.77;-107.62;-110.81;-111.76;-108.17;-103.16;-98.07;-94.24;-93.31;-96.07;-102.86;-112.83;-122.79;-126.99;-117.92;-92.71;-61.84;-47.4
4.2;-107.91;-107.76;-108.32;-109.77;-108.92;-104.22;-98.69;-93.38;-89.54;-88.63;-91.34;-98.08;-108.29;-119.53;-127.21;-125.17;-110.39;-89.97;-80.1
4.25;-108.58;-108.04;-107.61;-107.67;-105.43;-99.95;-94.1;-88.69;-84.89;-84;-86.64;-93.26;-103.53;-115.62;-125.89;-129.27;-122.64;-110.47;-104
4.3;-107.81;-107;-105.83;-104.78;-101.47;-95.49;-89.47;-84.05;-80.33;-79.46;-82.02;-88.47;-98.67;-111.27;-123.38;-130.87;-130.56;-124.81;-121
4.35;-105.93;-104.95;-103.23;-101.31;-97.2;-90.95;-84.86;-79.5;-75.89;-75.05;-77.52;-83.76;-93.78;-106.62;-120;-130.51;-135.02;-134.24;-133
4.4;-103.22;-102.14;-100.02;-97.43;-92.77;-86.4;-80.34;-75.08;-71.6;-70.8;-73.16;-79.17;-88.93;-101.8;-115.98;-128.66;-136.76;-139.76;-140
4.45;-99.91;-98.78;-96.39;-93.29;-88.27;-81.9;-75.92;-70.81;-67.48;-66.71;-68.97;-74.73;-84.18;-96.9;-111.51;-125.67;-136.39;-142.2;-144
4.5;-96.31;-95.05;-92.48;-89;-83.78;-77.5;-71.65;-66.72;-63.53;-62.81;-64.96;-70.46;-79.54;-92;-106.75;-121.85;-134.41;-142.26;-145
4.6;-88.16;-86.96;-84.21;-80.33;-75.04;-69.1;-63.62;-59.09;-56.22;-55.57;-57.51;-62.46;-70.76;-82.43;-96.86;-112.62;-127.12;-137.34;-141
4.7;-79.74;-78.63;-75.88;-71.92;-66.85;-61.36;-56.32;-52.22;-49.66;-49.08;-50.82;-55.24;-62.72;-73.41;-86.99;-102.4;-117.28;-128.31;-132
4.8;-71.53;-70.52;-67.89;-64.06;-59.34;-54.34;-49.77;-46.1;-43.83;-43.33;-44.87;-48.79;-55.46;-65.11;-77.59;-92.06;-106.42;-117.32;-121
4.9;-63.8;-62.9;-60.44;-56.87;-52.56;-48.06;-43.95;-40.69;-38.69;-38.24;-39.61;-43.07;-48.98;-57.59;-68.87;-82.12;-95.48;-105.73;-110
5;-56.7;-55.89;-53.65;-50.38;-46.5;-42.48;-38.81;-35.93;-34.17;-33.78;-34.98;-38.03;-43.23;-50.87;-60.94;-72.87;-85;-94.36;-97.9
5.1;-50.26;-49.55;-47.53;-44.59;-41.12;-37.55;-34.3;-31.75;-30.21;-29.87;-30.92;-33.6;-38.17;-44.9;-53.83;-64.45;-75.29;-83.67;-86.8
5.2;-44.5;-43.87;-42.07;-39.45;-36.37;-33.21;-30.34;-28.1;-26.74;-26.45;-27.37;-29.72;-33.73;-39.64;-47.5;-56.89;-66.46;-73.87;-76.7
5.3;-39.38;-38.83;-37.24;-34.92;-32.2;-29.41;-26.89;-24.91;-23.72;-23.45;-24.27;-26.33;-29.84;-35.02;-41.92;-50.17;-58.57;-65.06;-67.5
5.4;-34.86;-34.37;-32.98;-30.94;-28.54;-26.09;-23.86;-22.13;-21.07;-20.84;-21.56;-23.36;-26.44;-30.98;-37.02;-44.23;-51.57;-57.24;-59.4
5.5;-30.89;-30.46;-29.25;-27.45;-25.34;-23.18;-21.22;-19.69;-18.76;-18.55;-19.18;-20.77;-23.46;-27.44;-32.72;-39.01;-45.41;-50.33;-52.2
5.6;-27.41;-27.04;-25.97;-24.39;-22.54;-20.63;-18.91;-17.56;-16.74;-16.55;-17.1;-18.5;-20.86;-24.34;-28.96;-34.45;-40.01;-44.29;-45.9
5.7;-24.37;-24.03;-23.1;-21.72;-20.08;-18.4;-16.88;-15.69;-14.96;-14.8;-15.28;-16.51;-18.59;-21.64;-25.67;-30.46;-35.29;-39;-40.4
5.8;-21.7;-21.41;-20.59;-19.37;-17.93;-16.45;-15.11;-14.05;-13.4;-13.26;-13.68;-14.76;-16.59;-19.27;-22.8;-26.98;-31.18;-34.39;-35.6
5.9;-19.36;-19.11;-18.38;-17.32;-16.04;-14.73;-13.54;-12.61;-12.03;-11.9;-12.28;-13.23;-14.84;-17.2;-20.29;-23.93;-27.59;-30.38;-31.4
6;-17.31;-17.09;-16.45;-15.51;-14.38;-13.22;-12.17;-11.34;-10.82;-10.7;-11.04;-11.88;-13.31;-15.38;-18.09;-21.27;-24.46;-26.88;-27.8
6.1;-15.51;-15.32;-14.76;-13.92;-12.92;-11.89;-10.95;-10.21;-9.75;-9.65;-9.94;-10.69;-11.95;-13.78;-16.16;-18.95;-21.72;-23.83;-24.6
6.2;-13.93;-13.76;-13.26;-12.52;-11.63;-10.72;-9.88;-9.22;-8.81;-8.71;-8.97;-9.64;-10.76;-12.37;-14.47;-16.91;-19.34;-21.17;-21.9
6.3;-12.54;-12.38;-11.94;-11.29;-10.5;-9.67;-8.93;-8.34;-7.97;-7.88;-8.11;-8.71;-9.7;-11.13;-12.98;-15.13;-17.25;-18.85;-19.4
6.4;-11.3;-11.16;-10.77;-10.19;-9.48;-8.75;-8.08;-7.56;-7.23;-7.14;-7.35;-7.88;-8.76;-10.03;-11.67;-13.56;-15.42;-16.82;-17.3
6.5;-10.2;-10.08;-9.74;-9.21;-8.58;-7.93;-7.33;-6.86;-6.56;-6.49;-6.67;-7.14;-7.93;-9.06;-10.51;-12.17;-13.81;-15.04;-15.5
6.6;-9.24;-9.13;-8.82;-8.35;-7.78;-7.2;-6.66;-6.23;-5.96;-5.9;-6.06;-6.49;-7.19;-8.2;-9.49;-10.95;-12.39;-13.48;-13.9
6.7;-8.38;-8.28;-8;-7.58;-7.08;-6.55;-6.06;-5.68;-5.43;-5.37;-5.52;-5.9;-6.53;-7.43;-8.58;-9.88;-11.15;-12.11;-12.5
6.8;-7.61;-7.52;-7.27;-6.9;-6.44;-5.96;-5.52;-5.18;-4.96;-4.9;-5.03;-5.38;-5.94;-6.75;-7.77;-8.93;-10.05;-10.89;-11.2
6.9;-6.93;-6.85;-6.62;-6.28;-5.87;-5.44;-5.04;-4.73;-4.53;-4.48;-4.59;-4.9;-5.42;-6.14;-7.05;-8.08;-9.07;-9.82;-10.1
7;-6.31;-6.24;-6.03;-5.73;-5.35;-4.97;-4.61;-4.32;-4.14;-4.1;-4.2;-4.48;-4.94;-5.59;-6.41;-7.33;-8.21;-8.87;-9.12
7.2;-5.27;-5.21;-5.04;-4.79;-4.48;-4.16;-3.87;-3.63;-3.48;-3.44;-3.53;-3.76;-4.14;-4.66;-5.32;-6.06;-6.75;-7.27;-7.47
7.4;-4.43;-4.38;-4.24;-4.03;-3.77;-3.51;-3.26;-3.07;-2.94;-2.91;-2.98;-3.17;-3.48;-3.91;-4.45;-5.04;-5.6;-6.01;-6.17
7.6;-3.73;-3.7;-3.58;-3.4;-3.19;-2.97;-2.76;-2.6;-2.5;-2.47;-2.53;-2.69;-2.94;-3.3;-3.74;-4.22;-4.67;-5;-5.12
7.8;-3.17;-3.13;-3.04;-2.89;-2.71;-2.53;-2.35;-2.22;-2.13;-2.1;-2.15;-2.29;-2.5;-2.8;-3.16;-3.56;-3.92;-4.18;-4.28
8;-2.7;-2.67;-2.59;-2.46;-2.32;-2.16;-2.01;-1.9;-1.82;-1.8;-1.84;-1.96;-2.14;-2.39;-2.69;-3.02;-3.31;-3.53;-3.61
8.5;-1.84;-1.82;-1.77;-1.69;-1.59;-1.48;-1.39;-1.31;-1.26;-1.24;-1.27;-1.35;-1.47;-1.63;-1.83;-2.03;-2.22;-2.35;-2.4
9;-1.29;-1.28;-1.24;-1.18;-1.12;-1.04;-0.98;-0.92;-0.89;-0.88;-0.9;-0.95;-1.03;-1.14;-1.27;-1.41;-1.53;-1.62;-1.65
9.5;-0.92;-0.91;-0.89;-0.85;-0.8;-0.75;-0.7;-0.66;-0.64;-0.63;-0.65;-0.68;-0.74;-0.82;-0.91;-1;-1.08;-1.14;-1.16
10;-0.67;-0.66;-0.65;-0.62;-0.58;-0.55;-0.52;-0.49;-0.47;-0.46;-0.47;-0.5;-0.54;-0.6;-0.66;-0.73;-0.78;-0.82;-0.835
12;-0.22;-0.22;-0.21;-0.21;-0.19;-0.18;-0.17;-0.16;-0.16;-0.16;-0.16;-0.17;-0.18;-0.2;-0.22;-0.23;-0.25;-0.26;-0.263
14;-0.09;-0.09;-0.09;-0.08;-0.08;-0.07;-0.07;-0.07;-0.06;-0.06;-0.06;-0.07;-0.07;-0.08;-0.08;-0.09;-0.1;-0.1;-0.101
16;-0.04;-0.04;-0.04;-0.04;-0.04;-0.03;-0.03;-0.03;-0.03;-0.03;-0.03;-0.03;-0.03;-0.04;-0.04;-0.04;-0.04;-0.04;-0.0448
18;-0.02;-0.02;-0.02;-0.02;-0.02;-0.02;-0.02;-0.02;-0.02;-0.02;-0.02;-0.02;-0.02;-0.02;-0.02;-0.02;-0.02;-0.02;-0.0219
20;-0.01;-0.01;-0.01;-0.01;-0.01;-0.01;-0.01;-0.01;-0.01;-0.01;-0.01;-0.01;-0.01;-0.01;-0.01;-0.01;-0.01;-0.01;-0.0117
22;-0.01;-0.01;-0.01;-0.01;-0.01;-0.01;-0.01;-0.01;-0.01;-0.01;-0.01;-0.01;-0.01;-0.01;-0.01;-0.01;-0.01;-0.01;-0.00669
24;-0.01;-0.01;-0.01;0;0;0;0;0;0;0;0;0;0;0;0;0;0;0;-0.00392
25;0;0;0;0;0;0;0;0;0;0;0;0;0;0;0;0;0;0;-0.00315
